37-10214,G
37-10215,G
37-10216,G
37-10217,G
37-10218,G
37-10219,G
37-10220,G
37-10221,G
37-10222,G
37-10223,G
37-10224,G
37-10225,G
37-10226,H
37-10227,H
37-10228,H
37-10229,H
37-10252,G
37-10253,G
37-10254,G
37-10255,G
37-10256,G
37-10257,G
37-10258,G
37-10259,G
37-10260,G
37-10261,G
37-10262,G
37-10263,G
37-10264,H
37-10265,H
37-10266,H
37-10267,H
37-11475,Q
37-11476,Q
37-11477,Q
37-11478,Q
37-11479,Q
37-11480,Q
37-11481,Q
37-11482,Q
37-11483,R
37-11484,R
37-11485,R
37-11486,R
37-11533,G
37-11534,G
37-11535,G
37-11593,G
37-11594,G
37-11595,G
37-11596,G
37-11597,H
37-11598,H
37-11599,H
37-11600,H
37-11601,H
37-11602,H
37-11603,G
37-11604,G
37-11605,G
37-11606,G
37-11607,G
37-11608,G
37-11609,G
37-11610,G
37-11611,G
37-11612,G
37-11613,G
37-11637,G
37-11638,G
37-11639,G
37-11640,G
37-11641,G
37-11642,G
37-11643,G
37-11644,G
37-11645,G
37-11646,G
37-11647,G
37-11648,G
37-11649,G
37-11650,G
37-11651,G
37-11652,G
37-11653,G
37-11654,G
37-11680,H
37-11681,H
37-11682,H
37-11683,H
37-11703,H
37-11704,H
37-12189,G
37-12190,G
37-12218,H
37-12219,H
37-12220,H
37-12221,H
37-12222,H
37-12223,H
37-12224,H
37-12225,H
37-12226,H
37-12227,H
37-12302,Q
37-12303,Q
37-12304,Q
37-12305,Q
37-12306,Q
37-12307,Q
37-12308,G
37-12309,G
37-12310,G
37-12311,G
37-12312,G
37-12313,G
37-12314,G
37-12330,G
37-12331,G
37-12332,G
37-12333,G
37-12336,G
37-12337,G
37-12370,G
37-12371,G
37-12372,G
37-12374,G
37-12375,G
37-12376,G
37-12377,G
37-12378,G
37-12379,G
37-12384,H
37-12385,H
37-12386,H
37-12387,H
37-12388,H
37-12389,H
37-12390,H
37-12391,H
37-12392,H
37-12393,H
37-12394,H
37-12395,H
37-12396,G
37-12400,G
37-12401,G
37-12402,G
37-12403,G
37-12404,G
37-12405,G
37-12406,G
37-12407,G
37-12408,G
37-12409,G
37-12410,G
37-12411,G
37-12412,G
37-12413,G
37-12414,G
37-12565,R
37-12566,R
37-12567,R
37-12568,R
37-12569,R
37-12584,G
37-12585,Q
37-12586,Q
37-12587,G
37-12588,G
37-12589,Q
37-12590,Q
37-12605,Q
37-12606,Q
37-12607,Q
37-12608,G
37-12609,G
37-12618,H
37-12619,H
37-12634,Q
37-12635,Q
37-12636,Q
37-12637,Q
37-12638,G
37-12639,Q
37-12647,R
37-12649,R
37-12934,Q
37-12935,Q
37-12936,Q
37-12937,Q
37-12938,Q
37-12939,Q
37-12940,Q
37-13336,G
37-13375,R
37-13376,R
37-13377,R
37-13378,Q
37-13379,Q
37-13380,Q
37-13381,Q
37-13419,G
37-13420,G
37-13421,G
37-13422,G
37-13425,G
37-13426,G
37-13427,G
37-13428,G
37-13429,G
37-13430,G
37-13431,G
37-13432,G
37-13433,G
37-13434,G
37-13435,G
37-13436,G
37-13437,G
37-13438,G
37-13439,G
37-13444,H
37-13445,H
37-13446,H
37-13447,H
37-13448,H
37-13449,H
37-13450,H
37-13451,H
37-13452,H
37-13453,H
37-13454,H
37-13455,H
37-13456,H
37-13457,H
37-13555,Q
37-13556,Q
37-13557,Q
37-13558,Q
37-13559,Q
37-13560,G
37-13561,G
37-13562,Q
37-13576,Q
37-13577,Q
37-13578,G
37-13579,G
37-13587,Q
37-13588,Q
37-13589,G
37-13590,G
37-13593,G
37-13594,G
37-13595,G
37-13596,G
37-13597,G
37-13598,G
37-13599,G
37-13600,G
37-13601,G
37-13602,Q
37-13603,G
37-13604,G
37-13605,G
37-13606,G
37-13607,G
37-13608,G
37-13615,Q
37-13616,G
37-13617,G
37-13618,Q
37-13619,Q
37-13620,G
37-13621,G
37-13622,G
37-13623,G
37-13624,G
37-13625,G
37-13626,G
37-13627,H
37-13628,R
37-13629,R
37-13630,R
37-13631,H
37-13632,H
37-13633,H
37-13634,H
37-13635,G
37-13636,G
37-13637,G
37-13638,G
37-13642,G
37-13643,G
37-13644,G
37-13645,G
37-13646,H
37-13647,H
37-13648,R
37-13649,H
37-13650,H
37-13651,R
37-13652,H
37-13653,H
37-13654,R
37-13655,H
